tick,rabbits,foxes,biomass,rabbit_births,rabbit_starved,rabbit_eaten,fox_births,fox_starved,motive_wander,motive_seek_food,motive_flee,motive_hunt,motive_seek_mate
0,900,101,7506389.92,1,0,0,0,0,945,0,8,0,48
60,939,120,7707725.28,1,0,0,0,0,987,22,3,5,42
120,988,140,7906457.56,1,0,0,0,0,981,58,0,2,87
180,1051,155,8102902.67,1,0,0,0,0,967,68,7,10,154
240,1149,164,8295478.81,1,0,0,0,0,1008,111,3,6,185
300,1261,114,8485309.23,1,0,0,0,0,901,193,2,9,270
360,1426,116,8669254.86,1,0,0,0,0,910,223,4,5,400
420,1665,107,8846689.18,1,0,0,0,0,919,292,4,4,553
480,1923,105,9021046.45,1,0,0,0,0,931,332,2,1,762
540,2260,104,9188149.00,1,0,0,0,0,892,467,2,2,1001
600,2708,102,9344727.54,1,0,0,0,0,883,620,12,6,1289
660,3325,101,9484882.96,1,0,0,0,0,866,820,16,8,1716
720,4041,92,9613156.84,1,0,0,0,0,943,992,3,2,2193
780,5003,81,9719890.89,1,0,0,0,0,888,1353,6,3,2834
840,6201,62,9803011.72,1,0,0,0,0,940,1688,2,2,3631
900,7721,52,9859157.96,1,0,0,0,0,1048,2263,20,6,4436
960,9538,41,9882302.16,1,0,0,0,0,1073,2956,20,4,5526
1020,11725,23,9858817.96,1,0,0,0,0,1088,3716,7,1,6936
1080,14580,17,9778001.87,1,0,0,0,0,1280,4533,22,4,8758
1140,18060,16,9647427.57,1,0,0,0,0,1573,5978,16,7,10502
1200,22210,14,9448264.37,1,0,0,0,0,2195,7388,18,6,12617
1260,27127,13,9178185.34,1,0,0,0,0,3117,9063,22,3,14935
1320,32921,14,8822525.26,1,0,0,0,0,3940,11472,33,4,17486
1380,39528,15,8378343.83,1,0,0,0,0,5752,13365,25,5,20396
1440,46929,15,7866539.99,46516,219,268,85,171,8091,15848,57,6,22942
1500,55041,14,7296258.48,46516,219,268,85,171,11738,18211,28,3,25075
1560,63752,16,6666459.14,46516,219,268,85,171,15955,21165,21,7,26620
1620,72739,17,5995157.21,46516,219,268,85,171,20725,24016,25,10,27980
1680,81821,19,5314673.04,46516,219,268,85,171,27262,26068,73,9,28428
1740,90791,22,4625160.14,46516,219,268,85,171,34795,27614,126,15,28263
1800,99425,25,3941489.36,46516,219,268,85,171,41637,29904,72,14,27823
1860,107440,27,3319071.58,46516,219,268,85,171,50205,31113,77,14,26058
1920,114254,29,2774579.03,46516,219,268,85,171,59219,31658,131,19,23256
1980,119917,30,2268483.23,46516,219,268,85,171,65950,32668,124,20,21185
2040,124548,33,1805495.33,46516,219,268,85,171,72464,33091,122,23,18881
2100,127837,34,1410107.09,46516,219,268,85,171,78231,33047,241,21,16331
2160,129546,38,1089299.70,46516,219,268,85,171,82762,32859,206,22,13735
2220,129768,51,808159.24,46516,219,268,85,171,85018,32686,287,37,11791
2280,128421,50,561859.51,46516,219,268,85,171,85677,32490,199,27,10078
2340,125429,52,368756.03,46516,219,268,85,171,85986,31184,245,26,8040
2400,120853,56,233168.54,46516,219,268,85,171,84474,30066,310,34,6025
2460,114977,66,142256.51,46516,219,268,85,171,80899,29413,377,48,4306
2520,107956,74,91087.14,46516,219,268,85,171,77305,27410,460,54,2801
2580,99845,85,69658.45,46516,219,268,85,171,71084,26705,481,73,1587
2640,91065,94,60253.78,46516,219,268,85,171,65663,24087,402,75,932
2700,82596,99,55242.35,46516,219,268,85,171,58230,23417,368,74,606
2760,74587,104,56850.88,46516,219,268,85,171,51838,22063,347,89,354
2820,66692,110,59452.87,46516,219,268,85,171,44970,21171,283,99,279
2880,59483,113,63201.81,106906,90284,4068,149,51,39320,19676,275,90,235
2940,52703,115,67442.95,106906,90284,4068,149,51,33469,18886,152,100,211
3000,46821,116,72399.81,106906,90284,4068,149,51,28481,17917,152,90,297
3060,41729,116,79348.38,106906,90284,4068,149,51,24468,16845,128,82,322
3120,37290,116,87963.50,106906,90284,4068,149,51,20490,16351,143,80,342
3180,33688,114,96973.00,106906,90284,4068,149,51,17651,15519,100,70,462
3240,30752,115,106137.50,106906,90284,4068,149,51,15110,15032,107,76,542
3300,28478,113,116520.50,106906,90284,4068,149,51,13344,14408,87,69,683
3360,26753,108,128118.00,106906,90284,4068,149,51,12114,13764,98,56,829
3420,25590,104,140921.00,106906,90284,4068,149,51,10889,13651,76,59,1019
3480,24775,103,153494.50,106906,90284,4068,149,51,10077,13391,76,57,1277
3540,24206,101,164016.50,106906,90284,4068,149,51,9469,13234,80,54,1470
3600,23841,95,175978.50,106906,90284,4068,149,51,8951,13158,85,54,1688
3660,23659,95,187047.50,106906,90284,4068,149,51,8724,13025,66,50,1889
3720,23587,91,198242.50,106906,90284,4068,149,51,8593,12785,85,52,2163
3780,23611,90,208540.96,106906,90284,4068,149,51,8358,12763,88,62,2430
3840,23736,88,219195.96,106906,90284,4068,149,51,8360,12687,86,57,2634
3900,23986,88,228377.46,106906,90284,4068,149,51,8001,13001,94,53,2925
3960,24261,91,236393.46,106906,90284,4068,149,51,8236,12916,93,58,3049
4020,24599,90,244294.15,106906,90284,4068,149,51,8214,13024,120,62,3269
4080,25003,96,249665.10,106906,90284,4068,149,51,8182,13255,107,59,3496
4140,25439,97,252501.79,106906,90284,4068,149,51,8591,13198,94,56,3597
4200,25862,100,256696.02,106906,90284,4068,149,51,8518,13522,135,60,3727
4260,26325,102,259379.17,106906,90284,4068,149,51,9211,13187,147,66,3816
4320,26815,106,261244.19,7420,36493,3595,131,138,9049,13724,155,69,3924
4380,27300,109,260694.47,7420,36493,3595,131,138,9542,13607,148,65,4047
4440,27830,113,259108.72,7420,36493,3595,131,138,9782,13927,134,58,4042
4500,28247,122,256554.45,7420,36493,3595,131,138,10031,14121,130,79,4008
4560,28709,129,253589.79,7420,36493,3595,131,138,10544,13987,144,80,4083
4620,29263,134,250300.61,7420,36493,3595,131,138,10312,14742,142,87,4114
4680,29687,138,244361.02,7420,36493,3595,131,138,10955,14609,183,84,3994
4740,30116,142,238190.92,7420,36493,3595,131,138,11262,14788,208,91,3909
4800,30507,154,232487.51,7420,36493,3595,131,138,11723,14785,198,105,3850
4860,30814,162,227850.24,7420,36493,3595,131,138,12197,14659,267,103,3750
4920,31099,170,224019.87,7420,36493,3595,131,138,12467,14866,213,103,3620
4980,31369,177,219984.63,7420,36493,3595,131,138,12502,15092,232,110,3610
5040,31565,185,214947.43,7420,36493,3595,131,138,12811,15002,239,121,3577
5100,31783,193,209591.53,7420,36493,3595,131,138,13187,15011,248,130,3400
5160,31927,206,204790.78,7420,36493,3595,131,138,12929,15428,284,143,3349
5220,32025,223,198481.16,7420,36493,3595,131,138,13176,15288,302,158,3324
5280,32018,242,192929.37,7420,36493,3595,131,138,13250,15219,344,170,3277
5340,31960,256,189019.72,7420,36493,3595,131,138,13122,15334,412,166,3182
5400,31887,270,186920.89,7420,36493,3595,131,138,13472,14954,419,181,3131
5460,31747,289,186530.05,7420,36493,3595,131,138,13235,15188,371,196,3046
5520,31624,305,185747.72,7420,36493,3595,131,138,13416,14901,436,200,2976
5580,31457,324,187087.70,7420,36493,3595,131,138,13431,14821,445,207,2877
5640,31181,343,189648.35,7420,36493,3595,131,138,13297,14816,409,240,2762
5700,30889,367,195587.57,7420,36493,3595,131,138,13381,14503,421,220,2731
5760,30658,386,201419.77,14302,2350,8109,593,313,12981,14743,395,249,2676
5820,30397,396,210417.56,14302,2350,8109,593,313,13058,14434,472,233,2596
5880,30069,417,218856.65,14302,2350,8109,593,313,12737,14503,437,261,2548
5940,29698,426,227633.73,14302,2350,8109,593,313,12724,14030,461,262,2647
6000,29363,433,240016.11,14302,2350,8109,593,313,12490,14073,443,247,2543
6060,29028,454,252053.10,14302,2350,8109,593,313,12359,13888,402,260,2573
6120,28720,469,268519.56,14302,2350,8109,593,313,12232,13655,445,274,2583
6180,28338,472,282947.31,14302,2350,8109,593,313,11913,13646,458,262,2531
6240,27996,487,300416.93,14302,2350,8109,593,313,11830,13396,414,269,2574
6300,27656,497,316719.06,14302,2350,8109,593,313,11573,13385,446,281,2468
6360,27348,510,335903.67,14302,2350,8109,593,313,11536,13076,449,279,2518
6420,27025,512,355921.22,14302,2350,8109,593,313,11391,12937,442,279,2488
6480,26684,517,377001.97,14302,2350,8109,593,313,11102,12836,492,296,2475
6540,26280,521,400574.79,14302,2350,8109,593,313,10964,12576,453,305,2503
6600,25897,537,424648.24,14302,2350,8109,593,313,10750,12498,458,302,2426
6660,25586,541,450583.75,14302,2350,8109,593,313,10412,12479,455,286,2495
6720,25252,562,474477.62,14302,2350,8109,593,313,10260,12231,497,316,2510
6780,24892,568,500992.30,14302,2350,8109,593,313,10095,12006,502,330,2527
6840,24518,580,529701.31,14302,2350,8109,593,313,9986,11718,532,323,2539
6900,24132,593,558991.20,14302,2350,8109,593,313,9676,11625,520,324,2580
6960,23773,600,589838.47,14302,2350,8109,593,313,9634,11322,492,310,2615
7020,23481,608,623230.95,14302,2350,8109,593,313,9280,11377,528,323,2581
7080,23125,627,654559.20,14302,2350,8109,593,313,9237,11116,498,326,2575
7140,22904,638,688862.37,14302,2350,8109,593,313,9192,10936,470,327,2617
7200,22623,637,723545.93,11318,3951,15402,1085,834,9065,10787,491,319,2598
7260,22385,646,758490.01,11318,3951,15402,1085,834,8685,10843,489,331,2683
7320,22159,648,792039.26,11318,3951,15402,1085,834,8551,10678,486,338,2754
7380,21914,656,826327.15,11318,3951,15402,1085,834,8556,10464,485,332,2733
7440,21729,667,861395.95,11318,3951,15402,1085,834,8496,10361,492,320,2727
7500,21524,673,898611.57,11318,3951,15402,1085,834,8477,10099,460,305,2856
7560,21422,667,932328.40,11318,3951,15402,1085,834,8368,10101,428,294,2898
7620,21327,668,966217.46,11318,3951,15402,1085,834,8204,10012,502,296,2981
7680,21305,662,1000194.58,11318,3951,15402,1085,834,7905,10235,520,293,3014
7740,21301,663,1030342.54,11318,3951,15402,1085,834,8212,9873,505,299,3075
7800,21238,664,1060984.27,11318,3951,15402,1085,834,7984,9977,449,305,3187
7860,21162,663,1090593.68,11318,3951,15402,1085,834,7955,9813,485,309,3263
7920,21137,659,1121617.79,11318,3951,15402,1085,834,7942,9764,526,318,3246
7980,21171,658,1150389.56,11318,3951,15402,1085,834,7789,9943,535,286,3276
8040,21060,676,1176834.60,11318,3951,15402,1085,834,7704,9809,524,315,3384
8100,21029,688,1202971.02,11318,3951,15402,1085,834,7634,9829,572,342,3340
8160,21081,693,1225717.34,11318,3951,15402,1085,834,7546,9800,505,308,3615
8220,21260,688,1247009.41,11318,3951,15402,1085,834,7658,9733,544,307,3706
8280,21380,696,1263910.92,11318,3951,15402,1085,834,7798,9705,556,312,3705
8340,21507,708,1277966.46,11318,3951,15402,1085,834,7785,9751,565,301,3813
8400,21715,718,1290595.28,11318,3951,15402,1085,834,7822,9845,498,305,3963
8460,22037,716,1298746.94,11318,3951,15402,1085,834,7946,9916,554,307,4030
8520,22335,720,1305755.86,11318,3951,15402,1085,834,7928,10144,510,320,4153
8580,22577,724,1310565.17,11318,3951,15402,1085,834,8090,10106,557,317,4231
8640,22919,732,1313619.15,19953,2668,16989,1204,1109,8154,10389,619,319,4170
8700,23107,747,1316236.82,19953,2668,16989,1204,1109,8295,10410,585,352,4212
8760,23347,748,1316854.54,19953,2668,16989,1204,1109,8564,10336,600,340,4255
8820,23608,744,1316721.25,19953,2668,16989,1204,1109,8490,10649,662,358,4193
8880,23765,765,1316485.69,19953,2668,16989,1204,1109,8674,10546,652,360,4298
8940,23916,781,1316212.01,19953,2668,16989,1204,1109,8772,10473,696,372,4384
9000,23968,780,1315417.46,19953,2668,16989,1204,1109,8764,10598,782,363,4241
9060,24030,797,1316243.04,19953,2668,16989,1204,1109,8792,10568,821,355,4291
9120,24039,820,1316610.98,19953,2668,16989,1204,1109,8470,10879,899,398,4213
9180,23868,851,1312962.49,19953,2668,16989,1204,1109,8608,10663,832,456,4160
9240,23713,875,1312152.64,19953,2668,16989,1204,1109,8315,10635,901,456,4281
9300,23563,900,1309676.03,19953,2668,16989,1204,1109,8271,10684,822,437,4249
9360,23374,935,1307802.30,19953,2668,16989,1204,1109,8275,10440,914,459,4221
9420,23065,960,1316785.95,19953,2668,16989,1204,1109,8277,10550,800,455,3943
9480,22820,1008,1321924.75,19953,2668,16989,1204,1109,8072,10395,984,513,3864
9540,22475,1014,1331906.68,19953,2668,16989,1204,1109,8095,10297,859,504,3734
9600,22149,1047,1346677.70,19953,2668,16989,1204,1109,8071,10039,936,506,3644
9660,21818,1061,1362516.65,19953,2668,16989,1204,1109,7885,9976,885,462,3671
9720,21537,1087,1377834.64,19953,2668,16989,1204,1109,7790,9802,968,507,3557
9780,21204,1120,1393754.12,19953,2668,16989,1204,1109,7665,9671,788,499,3701
9840,21142,1138,1411695.26,19953,2668,16989,1204,1109,7684,9652,767,466,3711
9900,20939,1143,1427766.56,19953,2668,16989,1204,1109,7485,9620,816,458,3703
9960,20747,1146,1444623.27,19953,2668,16989,1204,1109,7446,9483,790,466,3708
10020,20497,1158,1465967.65,19953,2668,16989,1204,1109,7396,9265,872,470,3652
10080,20151,1189,1491366.00,25802,2505,26065,1949,1492,7518,9010,808,472,3532
10140,19895,1180,1517425.69,25802,2505,26065,1949,1492,7228,9125,782,456,3484
10200,19735,1168,1547052.22,25802,2505,26065,1949,1492,7332,8992,663,414,3502
10260,19645,1156,1577391.93,25802,2505,26065,1949,1492,7371,8840,675,409,3506
10320,19582,1112,1607956.07,25802,2505,26065,1949,1492,7276,8756,739,419,3504
10380,19459,1112,1638034.76,25802,2505,26065,1949,1492,7128,8833,771,384,3455
10440,19312,1103,1667554.27,25802,2505,26065,1949,1492,7173,8706,670,431,3435
10500,19171,1087,1699735.50,25802,2505,26065,1949,1492,6996,8593,801,397,3471
10560,19025,1074,1733732.92,25802,2505,26065,1949,1492,6991,8559,819,420,3310
10620,18750,1078,1767494.86,25802,2505,26065,1949,1492,6857,8394,812,380,3385
10680,18607,1093,1807215.93,25802,2505,26065,1949,1492,7056,8254,687,406,3297
10740,18415,1077,1846417.04,25802,2505,26065,1949,1492,6873,8144,760,427,3288
10800,18194,1067,1885867.22,25802,2505,26065,1949,1492,6583,8270,681,420,3307
10860,18021,1041,1928287.20,25802,2505,26065,1949,1492,6779,7850,740,414,3279
10920,17828,1024,1975271.84,25802,2505,26065,1949,1492,6574,8108,699,388,3083
10980,17679,1004,2018172.97,25802,2505,26065,1949,1492,6532,7953,581,422,3195
11040,17573,994,2060310.83,25802,2505,26065,1949,1492,6449,7829,650,388,3251
11100,17478,990,2102794.09,25802,2505,26065,1949,1492,6466,7765,604,366,3267
11160,17495,966,2146871.01,25802,2505,26065,1949,1492,6388,7757,624,366,3326
11220,17513,948,2187929.08,25802,2505,26065,1949,1492,6170,7847,612,355,3477
11280,17594,937,2224154.96,25802,2505,26065,1949,1492,6209,7796,623,325,3578
11340,17701,907,2257600.34,25802,2505,26065,1949,1492,5821,7927,725,321,3814
11400,17893,897,2286630.89,25802,2505,26065,1949,1492,6036,7917,613,312,3912
11460,18152,900,2308354.22,25802,2505,26065,1949,1492,6002,7986,632,342,4090
11520,18367,877,2330731.60,23433,2041,23176,1691,2003,6104,7989,676,342,4133
11580,18712,873,2348649.52,23433,2041,23176,1691,2003,6409,7831,709,365,4271
11640,19060,864,2365780.52,23433,2041,23176,1691,2003,6453,8111,747,335,4278
11700,19386,859,2378735.28,23433,2041,23176,1691,2003,6376,8238,819,358,4454
11760,19680,868,2386146.06,23433,2041,23176,1691,2003,6363,8301,826,359,4699
11820,19981,882,2390148.60,23433,2041,23176,1691,2003,6457,8589,821,369,4627
11880,20198,904,2387033.40,23433,2041,23176,1691,2003,6370,8660,843,373,4856
11940,20500,919,2379508.23,23433,2041,23176,1691,2003,6182,8777,943,404,5113
12000,20926,933,2362609.83,23433,2041,23176,1691,2003,6115,9067,842,433,5402
12060,21333,939,2338702.28,23433,2041,23176,1691,2003,6263,9206,800,395,5608
12120,21920,960,2314240.54,23433,2041,23176,1691,2003,6441,9583,868,419,5569
12180,22410,958,2288666.65,23433,2041,23176,1691,2003,6875,9515,906,409,5663
12240,22976,963,2260897.10,23433,2041,23176,1691,2003,7357,9614,789,404,5775
12300,23617,969,2229529.07,23433,2041,23176,1691,2003,7570,9827,916,419,5854
12360,24266,984,2196811.24,23433,2041,23176,1691,2003,8116,9960,919,383,5872
12420,24882,1003,2160710.42,23433,2041,23176,1691,2003,8414,10230,893,403,5945
12480,25489,1013,2122171.30,23433,2041,23176,1691,2003,8683,10551,918,400,5950
12540,26037,1013,2083134.95,23433,2041,23176,1691,2003,9166,10431,1030,401,6022
12600,26512,1030,2046679.74,23433,2041,23176,1691,2003,9257,10950,968,441,5926
12660,26855,1045,2013807.69,23433,2041,23176,1691,2003,10141,10551,913,446,5849
12720,27082,1040,1984908.00,23433,2041,23176,1691,2003,10184,10874,1070,416,5578
12780,27233,1045,1958352.47,23433,2041,23176,1691,2003,10199,10960,1179,444,5496
12840,27207,1085,1933992.98,23433,2041,23176,1691,2003,10490,10815,1178,484,5325
12900,27100,1089,1915249.53,23433,2041,23176,1691,2003,10140,11220,1235,500,5094
12960,26803,1115,1900675.63,37862,2443,26983,1972,1734,10683,10517,1275,527,4916
13020,26351,1140,1890656.95,37862,2443,26983,1972,1734,10580,10300,1324,551,4736
13080,25882,1183,1881405.45,37862,2443,26983,1972,1734,10186,10247,1386,617,4629
13140,25104,1220,1883404.61,37862,2443,26983,1972,1734,9933,9991,1396,606,4398
13200,24245,1255,1886723.16,37862,2443,26983,1972,1734,9819,9395,1314,607,4365
13260,23546,1275,1895481.25,37862,2443,26983,1972,1734,9356,9433,1246,606,4180
13320,22834,1295,1904201.79,37862,2443,26983,1972,1734,8724,9291,1287,604,4223
13380,22162,1312,1914044.37,37862,2443,26983,1972,1734,8338,9232,1129,565,4210
13440,21500,1324,1933322.32,37862,2443,26983,1972,1734,8246,8753,1253,568,4004
13500,20858,1347,1954069.24,37862,2443,26983,1972,1734,7498,8968,1187,601,3951
13560,20179,1370,1973459.44,37862,2443,26983,1972,1734,7401,8510,1107,618,3913
13620,19623,1381,1995037.55,37862,2443,26983,1972,1734,7642,7901,1060,570,3831
13680,19257,1373,2019816.31,37862,2443,26983,1972,1734,7221,8131,959,543,3776
13740,18856,1355,2050389.83,37862,2443,26983,1972,1734,7067,8000,890,527,3727
13800,18566,1344,2084128.36,37862,2443,26983,1972,1734,6904,7888,967,496,3655
13860,18260,1326,2118662.40,37862,2443,26983,1972,1734,6888,7597,972,483,3646
13920,17948,1305,2155523.93,37862,2443,26983,1972,1734,6640,7615,875,439,3684
13980,17702,1257,2197095.08,37862,2443,26983,1972,1734,6565,7283,951,450,3710
14040,17508,1213,2237933.86,37862,2443,26983,1972,1734,6241,7227,1035,436,3782
14100,17452,1196,2276794.36,37862,2443,26983,1972,1734,6148,7271,940,465,3824
14160,17291,1166,2309548.96,37862,2443,26983,1972,1734,5972,7197,947,472,3869
14220,17104,1160,2340380.21,37862,2443,26983,1972,1734,5957,7005,943,449,3910
14280,16898,1158,2372283.72,37862,2443,26983,1972,1734,5594,6959,1070,458,3975
14340,16687,1158,2402998.81,37862,2443,26983,1972,1734,5462,6837,980,472,4094
14400,16564,1152,2433216.46,28706,4795,34150,2142,2105,5399,6866,948,472,4031
14460,16376,1153,2463007.70,28706,4795,34150,2142,2105,4997,6939,924,473,4196
14520,16427,1153,2487449.63,28706,4795,34150,2142,2105,5012,6878,925,447,4318
14580,16432,1157,2511338.88,28706,4795,34150,2142,2105,5089,6757,1008,470,4265
14640,16484,1158,2538648.51,28706,4795,34150,2142,2105,4983,7004,890,422,4343
14700,16693,1166,2559895.10,28706,4795,34150,2142,2105,5212,6926,905,455,4361
14760,16691,1176,2585379.12,28706,4795,34150,2142,2105,5290,6887,896,459,4335
14820,16772,1180,2612073.20,28706,4795,34150,2142,2105,5251,6944,920,474,4363
14880,16790,1186,2636404.99,28706,4795,34150,2142,2105,5265,6889,915,495,4412
14940,16890,1171,2661962.09,28706,4795,34150,2142,2105,5629,6726,903,499,4304
15000,16940,1172,2686467.70,28706,4795,34150,2142,2105,5503,6772,972,455,4410
15060,17006,1192,2708242.59,28706,4795,34150,2142,2105,5243,6832,1206,502,4415
15120,16997,1180,2730936.52,28706,4795,34150,2142,2105,5289,6987,1084,475,4342
15180,16921,1203,2751558.87,28706,4795,34150,2142,2105,5228,6848,1028,507,4513
15240,16948,1216,2767075.97,28706,4795,34150,2142,2105,4938,6999,1059,519,4649
15300,16920,1229,2780870.51,28706,4795,34150,2142,2105,4769,7103,1084,500,4693
15360,16804,1251,2792171.24,28706,4795,34150,2142,2105,4666,7021,998,519,4851
15420,16866,1278,2799026.88,28706,4795,34150,2142,2105,4618,6903,1058,529,5036
15480,17001,1298,2802691.50,28706,4795,34150,2142,2105,4419,7047,1029,502,5302
15540,17226,1286,2798420.08,28706,4795,34150,2142,2105,4388,7177,975,494,5478
15600,17574,1295,2790037.58,28706,4795,34150,2142,2105,4633,7149,965,509,5613
15660,17966,1308,2781015.19,28706,4795,34150,2142,2105,4550,7584,900,518,5722
15720,18407,1309,2764175.04,28706,4795,34150,2142,2105,4689,7771,995,513,5748
15780,18944,1317,2743773.62,28706,4795,34150,2142,2105,4941,7925,1050,500,5845
15840,19289,1337,2725447.00,35566,1539,31302,2328,2143,5191,7981,1077,474,5903
15900,19744,1319,2701497.91,35566,1539,31302,2328,2143,5710,7973,973,477,5930
15960,20150,1340,2677944.84,35566,1539,31302,2328,2143,5865,8182,1054,496,5893
16020,20623,1335,2659214.53,35566,1539,31302,2328,2143,6313,8199,1059,481,5906
16080,21132,1337,2643127.18,35566,1539,31302,2328,2143,6501,8519,1151,522,5776
16140,21521,1324,2622637.64,35566,1539,31302,2328,2143,6880,8450,1078,490,5947
16200,21987,1326,2603604.33,35566,1539,31302,2328,2143,7210,8634,1175,506,5788
16260,22286,1321,2589263.75,35566,1539,31302,2328,2143,7524,8642,1280,494,5667
16320,22565,1320,2573858.67,35566,1539,31302,2328,2143,7547,8790,1401,539,5608
16380,22683,1311,2564963.95,35566,1539,31302,2328,2143,7741,8893,1618,544,5198
16440,22319,1332,2562198.16,35566,1539,31302,2328,2143,7645,8863,1473,573,5097
16500,21834,1355,2563150.86,35566,1539,31302,2328,2143,7788,8199,1655,605,4942
16560,21210,1378,2567359.36,35566,1539,31302,2328,2143,7165,8169,1664,629,4961
16620,20635,1390,2573299.00,35566,1539,31302,2328,2143,6640,8162,1695,673,4855
16680,19900,1414,2587688.02,35566,1539,31302,2328,2143,6468,7859,1626,682,4679
16740,19168,1467,2602265.50,35566,1539,31302,2328,2143,6529,7539,1334,714,4519
16800,18723,1472,2617571.93,35566,1539,31302,2328,2143,6332,7503,1137,657,4566
16860,18424,1479,2638700.36,35566,1539,31302,2328,2143,6407,7256,1141,608,4491
16920,18162,1472,2661355.80,35566,1539,31302,2328,2143,6361,7113,995,578,4587
16980,18030,1462,2683837.64,35566,1539,31302,2328,2143,6222,7238,1025,498,4509
17040,18002,1478,2704206.16,35566,1539,31302,2328,2143,6327,7109,913,499,4632
17100,17993,1478,2719393.53,35566,1539,31302,2328,2143,6220,7110,885,463,4793
17160,18149,1453,2738414.14,35566,1539,31302,2328,2143,6299,7119,903,457,4824
17220,18408,1425,2753969.17,35566,1539,31302,2328,2143,6481,7330,879,442,4701
17280,18652,1390,2766177.67,37854,2062,36429,2535,2482,6648,7313,855,440,4786
17340,18942,1362,2778368.66,37854,2062,36429,2535,2482,6772,7318,884,445,4885
17400,19278,1320,2787075.23,37854,2062,36429,2535,2482,7014,7365,839,415,4965
17460,19592,1271,2794082.66,37854,2062,36429,2535,2482,7261,7385,850,385,4982
17520,19984,1226,2805201.09,37854,2062,36429,2535,2482,7429,7644,807,373,4957
17580,20319,1177,2817768.94,37854,2062,36429,2535,2482,7703,7677,876,404,4836
17640,20704,1119,2827474.92,37854,2062,36429,2535,2482,7953,7739,856,403,4872
17700,21051,1106,2832437.41,37854,2062,36429,2535,2482,8058,7865,926,423,4885
17760,21262,1087,2835420.98,37854,2062,36429,2535,2482,7952,8043,975,405,4974
17820,21392,1069,2837887.77,37854,2062,36429,2535,2482,7957,7994,1080,432,4998
17880,21474,1066,2843064.85,37854,2062,36429,2535,2482,8225,7849,1071,456,4939
17940,21513,1061,2849104.31,37854,2062,36429,2535,2482,7871,8218,1214,449,4822
18000,21477,1055,2856341.22,37854,2062,36429,2535,2482,7877,8155,1251,484,4765
18060,21248,1075,2861654.92,37854,2062,36429,2535,2482,7865,7957,1272,497,4732
18120,21051,1086,2866490.13,37854,2062,36429,2535,2482,7366,8309,1211,497,4754
18180,20759,1094,2874449.21,37854,2062,36429,2535,2482,7289,8037,1197,490,4840
18240,20489,1121,2887996.37,37854,2062,36429,2535,2482,7197,7849,1256,499,4809
18300,20310,1133,2896414.57,37854,2062,36429,2535,2482,6957,8041,1133,539,4773
18360,20154,1135,2901308.43,37854,2062,36429,2535,2482,6713,7894,1255,507,4920
18420,20077,1170,2907006.74,37854,2062,36429,2535,2482,6760,7967,1094,503,4923
18480,20137,1163,2911984.75,37854,2062,36429,2535,2482,6856,7836,1051,481,5076
18540,20190,1190,2912914.24,37854,2062,36429,2535,2482,6825,7884,1144,517,5010
18600,20213,1199,2910654.38,37854,2062,36429,2535,2482,7061,7821,1050,491,4989
18660,20385,1204,2904414.76,37854,2062,36429,2535,2482,6899,7860,1132,532,5166
18720,20319,1213,2903362.58,37104,4713,30724,1997,2174,6818,7937,1103,491,5183
18780,20390,1232,2896475.41,37104,4713,30724,1997,2174,6777,7925,1125,496,5299
18840,20547,1238,2893238.53,37104,4713,30724,1997,2174,6910,8005,1045,520,5305
18900,20638,1245,2890045.88,37104,4713,30724,1997,2174,7044,7944,1071,525,5299
18960,20709,1249,2893316.52,37104,4713,30724,1997,2174,7220,7877,1101,512,5248
19020,20830,1238,2895450.78,37104,4713,30724,1997,2174,7500,7843,1015,484,5226
19080,20938,1229,2898908.85,37104,4713,30724,1997,2174,7158,8250,1002,501,5256
19140,21055,1221,2900905.67,37104,4713,30724,1997,2174,7312,8129,1032,503,5300
19200,21196,1190,2898435.40,37104,4713,30724,1997,2174,7498,8018,942,485,5443
19260,21472,1184,2890913.41,37104,4713,30724,1997,2174,7784,8035,899,445,5493
19320,21898,1171,2878585.97,37104,4713,30724,1997,2174,7708,8438,878,444,5601
19380,22386,1151,2859498.12,37104,4713,30724,1997,2174,7755,8700,824,420,5838
19440,22946,1130,2836729.61,37104,4713,30724,1997,2174,8642,8324,894,401,5815
19500,23447,1117,2811177.62,37104,4713,30724,1997,2174,8507,8944,907,391,5815
19560,23911,1097,2784598.58,37104,4713,30724,1997,2174,8898,8760,896,406,6048
19620,24372,1086,2754538.21,37104,4713,30724,1997,2174,8704,9242,973,421,6118
19680,24790,1066,2723488.21,37104,4713,30724,1997,2174,9010,9197,1082,443,6124
19740,25189,1034,2688303.33,37104,4713,30724,1997,2174,9143,9302,1148,468,6162
19800,25579,1047,2655508.11,37104,4713,30724,1997,2174,9418,9513,1154,491,6050
19860,25856,1049,2628964.89,37104,4713,30724,1997,2174,9772,9628,1188,471,5846
19920,26032,1051,2606750.73,37104,4713,30724,1997,2174,10304,9409,1208,478,5684
19980,26127,1052,2583378.13,37104,4713,30724,1997,2174,10225,9632,1263,477,5582
20040,26185,1070,2555891.36,37104,4713,30724,1997,2174,10164,9655,1280,511,5645
20100,26025,1110,2530865.04,37104,4713,30724,1997,2174,9964,9537,1368,543,5723
20160,25864,1137,2503716.81,41849,5338,30966,2015,2091,9565,9792,1461,542,5641
20220,25708,1142,2476739.81,41849,5338,30966,2015,2091,9606,9662,1301,548,5733
20280,25460,1184,2453066.19,41849,5338,30966,2015,2091,9493,9408,1504,616,5623
20340,25072,1204,2430246.69,41849,5338,30966,2015,2091,8924,9586,1568,626,5572
20400,24667,1223,2399664.63,41849,5338,30966,2015,2091,8566,9553,1373,618,5780
20460,24326,1242,2370661.33,41849,5338,30966,2015,2091,8223,9524,1478,611,5732
20520,23916,1279,2344334.11,41849,5338,30966,2015,2091,8154,9099,1623,635,5684
20580,23543,1333,2320006.19,41849,5338,30966,2015,2091,7999,9052,1429,634,5762
20640,23233,1369,2287573.16,41849,5338,30966,2015,2091,7533,8961,1508,663,5937
20700,22891,1400,2260925.26,41849,5338,30966,2015,2091,7467,8903,1511,664,5746
20760,22462,1438,2236510.31,41849,5338,30966,2015,2091,7569,8459,1568,648,5656
20820,21918,1491,2218090.93,41849,5338,30966,2015,2091,6840,8530,1757,691,5591
20880,21328,1538,2202981.18,41849,5338,30966,2015,2091,6837,8146,1761,717,5405
20940,20634,1596,2192061.78,41849,5338,30966,2015,2091,6667,7929,1619,763,5252
21000,19963,1644,2188216.04,41849,5338,30966,2015,2091,6281,7797,1606,753,5170
21060,19255,1692,2191908.98,41849,5338,30966,2015,2091,6268,7466,1497,766,4950
21120,18723,1717,2199829.45,41849,5338,30966,2015,2091,6169,7317,1389,724,4841
21180,18322,1726,2215016.00,41849,5338,30966,2015,2091,6418,7122,1198,676,4634
21240,17940,1716,2235242.55,41849,5338,30966,2015,2091,6107,7195,1262,616,4476
21300,17614,1729,2259827.61,41849,5338,30966,2015,2091,6491,6700,1213,631,4308
21360,17324,1725,2285190.63,41849,5338,30966,2015,2091,6313,6847,1085,583,4221
21420,16984,1717,2321673.16,41849,5338,30966,2015,2091,6629,6207,1147,558,4160
21480,16677,1697,2360274.19,41849,5338,30966,2015,2091,6419,6204,994,579,4178
21540,16339,1690,2403232.39,41849,5338,30966,2015,2091,6358,6107,1149,516,3899
21600,15950,1646,2450104.57,38399,5204,43109,2936,2427,6299,6082,944,515,3756
21660,15785,1612,2497723.50,38399,5204,43109,2936,2427,6257,5903,894,492,3851
21720,15507,1559,2550025.32,38399,5204,43109,2936,2427,6304,5773,899,489,3601
21780,15188,1510,2606173.63,38399,5204,43109,2936,2427,6202,5428,989,466,3613
21840,14912,1441,2665120.80,38399,5204,43109,2936,2427,5675,5741,886,457,3594
21900,14750,1372,2720938.13,38399,5204,43109,2936,2427,5718,5515,763,434,3692
21960,14704,1310,2773926.25,38399,5204,43109,2936,2427,5523,5547,840,422,3682
22020,14682,1272,2826966.39,38399,5204,43109,2936,2427,5401,5636,739,390,3788
22080,14759,1211,2882325.72,38399,5204,43109,2936,2427,5697,5480,664,351,3778
22140,14893,1168,2937900.66,38399,5204,43109,2936,2427,5740,5518,729,361,3713
22200,14909,1122,2993499.73,38399,5204,43109,2936,2427,5789,5594,672,343,3633
22260,15056,1090,3044471.41,38399,5204,43109,2936,2427,5486,5785,674,330,3871
22320,15227,1067,3089789.40,38399,5204,43109,2936,2427,5405,5823,715,345,4006
22380,15503,1036,3127878.25,38399,5204,43109,2936,2427,5272,5951,777,342,4197
22440,15771,996,3158694.53,38399,5204,43109,2936,2427,4837,6369,666,324,4571
22500,16190,974,3184634.42,38399,5204,43109,2936,2427,5119,6215,700,333,4797
22560,16608,940,3202336.05,38399,5204,43109,2936,2427,5053,6416,707,341,5031
22620,17005,933,3214722.06,38399,5204,43109,2936,2427,4829,6831,784,340,5154
22680,17598,901,3223071.13,38399,5204,43109,2936,2427,5214,6931,810,318,5226
22740,18166,893,3227024.28,38399,5204,43109,2936,2427,5367,7112,882,327,5371
22800,18702,908,3223723.69,38399,5204,43109,2936,2427,5119,7514,979,360,5638
22860,19173,893,3222095.42,38399,5204,43109,2936,2427,5499,7661,970,378,5558
22920,19666,908,3218385.05,38399,5204,43109,2936,2427,5834,7776,981,383,5600
22980,20163,917,3210433.02,38399,5204,43109,2936,2427,5862,8186,946,386,5700
23040,20695,905,3197677.02,33441,3907,24789,1696,2437,6143,8104,1006,372,5975
23100,21312,934,3175615.33,33441,3907,24789,1696,2437,6229,8402,1075,430,6110
23160,21871,956,3145975.93,33441,3907,24789,1696,2437,6348,8624,1058,445,6352
23220,22473,961,3108058.23,33441,3907,24789,1696,2437,6428,8976,1126,458,6446
23280,23048,970,3072148.94,33441,3907,24789,1696,2437,6611,9341,1169,458,6439
23340,23521,1002,3032686.25,33441,3907,24789,1696,2437,6995,9299,1031,486,6712
23400,24167,1020,2981329.10,33441,3907,24789,1696,2437,7184,9579,1195,501,6728
23460,24651,1055,2927816.70,33441,3907,24789,1696,2437,7278,9817,1192,517,6902
23520,25266,1086,2860411.81,33441,3907,24789,1696,2437,7298,10076,1292,515,7171
23580,25938,1107,2786716.07,33441,3907,24789,1696,2437,7430,10427,1194,508,7486
23640,26661,1129,2711836.81,33441,3907,24789,1696,2437,7953,10597,1085,508,7647
23700,27512,1162,2624969.97,33441,3907,24789,1696,2437,8071,11008,1089,535,7971
23760,28320,1181,2540364.69,33441,3907,24789,1696,2437,8532,11263,1256,548,7902
23820,29020,1197,2464566.55,33441,3907,24789,1696,2437,9249,11646,1274,541,7507
23880,29553,1229,2389512.26,33441,3907,24789,1696,2437,10456,11154,1352,575,7245
23940,30050,1237,2318997.69,33441,3907,24789,1696,2437,10689,11476,1373,569,7180
24000,30486,1269,2249833.60,33441,3907,24789,1696,2437,11228,11357,1523,580,7067
24060,30718,1292,2182842.06,33441,3907,24789,1696,2437,11395,11680,1503,587,6845
24120,30862,1303,2119446.59,33441,3907,24789,1696,2437,11766,11548,1489,554,6808
24180,30979,1329,2055197.69,33441,3907,24789,1696,2437,11761,11688,1510,584,6765
24240,30984,1347,1992688.86,33441,3907,24789,1696,2437,11984,11433,1615,633,6666
24300,30788,1365,1939183.95,33441,3907,24789,1696,2437,12220,11173,1699,612,6449
24360,30478,1401,1889829.18,33441,3907,24789,1696,2437,11705,11488,1723,680,6283
24420,29956,1421,1846738.38,33441,3907,24789,1696,2437,11796,11014,1959,654,5954
24480,29340,1438,1810222.74,50396,4118,37633,2447,1914,11508,10870,2056,669,5675
24540,28410,1474,1785419.66,50396,4118,37633,2447,1914,11117,10354,2235,706,5472
24600,27013,1526,1778527.01,50396,4118,37633,2447,1914,10861,9869,2231,757,4821
24660,25436,1595,1782430.42,50396,4118,37633,2447,1914,10053,9358,2285,834,4501
24720,23581,1657,1799187.75,50396,4118,37633,2447,1914,8838,9148,2221,904,4127
24780,21570,1696,1823640.47,50396,4118,37633,2447,1914,8432,8176,1855,885,3918
24840,19804,1751,1857213.86,50396,4118,37633,2447,1914,7639,7477,1944,905,3590
24900,18161,1792,1899030.79,50396,4118,37633,2447,1914,6593,7323,1730,891,3416
24960,16671,1806,1947143.48,50396,4118,37633,2447,1914,6141,6577,1562,850,3347
25020,15260,1823,2006453.53,50396,4118,37633,2447,1914,5809,5822,1606,753,3093
25080,14020,1846,2071354.28,50396,4118,37633,2447,1914,5458,5391,1307,745,2965
25140,12836,1862,2149070.19,50396,4118,37633,2447,1914,4995,5077,1262,657,2707
25200,11878,1846,2234504.64,50396,4118,37633,2447,1914,5001,4581,877,591,2674
25260,11357,1820,2318489.86,50396,4118,37633,2447,1914,4675,4389,854,547,2712
25320,10973,1780,2404750.28,50396,4118,37633,2447,1914,4561,4096,871,528,2697
25380,10604,1729,2492841.37,50396,4118,37633,2447,1914,4318,4020,762,475,2758
25440,10296,1676,2582658.39,50396,4118,37633,2447,1914,4165,3859,710,457,2781
25500,10141,1597,2674430.42,50396,4118,37633,2447,1914,3864,3951,701,401,2821
25560,9911,1516,2763257.94,50396,4118,37633,2447,1914,3597,3794,679,392,2965
25620,9900,1422,2853208.63,50396,4118,37633,2447,1914,3525,3821,661,359,2956
25680,9881,1318,2942965.02,50396,4118,37633,2447,1914,3326,3953,680,306,2934
25740,9945,1225,3025154.75,50396,4118,37633,2447,1914,3115,3939,651,354,3111
25800,10045,1145,3099824.57,50396,4118,37633,2447,1914,2953,3978,582,339,3338
25860,10266,1068,3172500.55,50396,4118,37633,2447,1914,2960,3943,572,316,3543
25920,10662,997,3240063.38,25382,3823,40237,2529,2970,2937,4133,589,340,3660
25980,11080,943,3300917.23,25382,3823,40237,2529,2970,2895,4361,582,288,3897
26040,11721,885,3352892.90,25382,3823,40237,2529,2970,2965,4614,482,271,4274
26100,12524,863,3391393.79,25382,3823,40237,2529,2970,3118,4903,477,249,4640
26160,13453,828,3419205.95,25382,3823,40237,2529,2970,3268,5184,527,250,5052
26220,14386,791,3440106.76,25382,3823,40237,2529,2970,3410,5638,557,278,5294
26280,15314,768,3454422.67,25382,3823,40237,2529,2970,3921,5950,587,274,5350
26340,16336,753,3456982.51,25382,3823,40237,2529,2970,4290,6243,633,284,5639
26400,17408,746,3451799.96,25382,3823,40237,2529,2970,4556,6870,610,282,5836
26460,18441,741,3438204.14,25382,3823,40237,2529,2970,4685,7226,737,289,6245
26520,19521,753,3416221.22,25382,3823,40237,2529,2970,5261,7461,801,318,6433
26580,20473,775,3397316.21,25382,3823,40237,2529,2970,6082,7630,846,339,6351
26640,21382,789,3374876.80,25382,3823,40237,2529,2970,6499,8096,973,343,6260
26700,22352,793,3342756.59,25382,3823,40237,2529,2970,6627,8749,860,337,6572
26760,23315,800,3303234.39,25382,3823,40237,2529,2970,6787,8930,1136,379,6883
26820,24200,828,3257495.53,25382,3823,40237,2529,2970,6756,9662,1149,393,7068
26880,25076,858,3196196.62,25382,3823,40237,2529,2970,7375,9496,1226,410,7427
26940,25907,884,3130618.87,25382,3823,40237,2529,2970,7266,10214,1263,453,7595
27000,26676,906,3059490.48,25382,3823,40237,2529,2970,7701,10444,1263,444,7730
27060,27459,945,2979785.38,25382,3823,40237,2529,2970,8095,10714,1239,509,7847
27120,28212,982,2891946.31,25382,3823,40237,2529,2970,8380,10760,1445,524,8085
27180,28898,1019,2792885.27,25382,3823,40237,2529,2970,8410,11382,1206,544,8375
27240,29719,1057,2690608.53,25382,3823,40237,2529,2970,8525,11763,1250,562,8676
27300,30639,1078,2586328.62,25382,3823,40237,2529,2970,9503,11783,1232,553,8646
27360,31605,1115,2479063.15,48805,1917,25945,1825,1707,9989,12280,1311,548,8592
27420,32531,1139,2376228.97,48805,1917,25945,1825,1707,10949,12445,1362,530,8384
27480,33222,1177,2275505.93,48805,1917,25945,1825,1707,11565,12439,1565,553,8277
27540,33760,1211,2184610.16,48805,1917,25945,1825,1707,12685,12536,1412,564,7774
27600,34191,1244,2098080.31,48805,1917,25945,1825,1707,12683,13175,1708,553,7316
27660,34311,1297,2024459.71,48805,1917,25945,1825,1707,13732,12642,1624,602,7008
27720,34251,1326,1965579.41,48805,1917,25945,1825,1707,14108,12463,1759,618,6629
27780,33852,1361,1919891.73,48805,1917,25945,1825,1707,14358,12052,2140,645,6018
27840,33012,1397,1884704.60,48805,1917,25945,1825,1707,13923,11904,2288,693,5601
27900,31920,1434,1861720.77,48805,1917,25945,1825,1707,14387,11173,1869,678,5247
27960,30833,1456,1842591.66,48805,1917,25945,1825,1707,13254,11193,2067,702,5073
28020,29699,1478,1828010.09,48805,1917,25945,1825,1707,12910,10899,1724,735,4909
28080,28503,1509,1818574.71,48805,1917,25945,1825,1707,12432,10557,1670,737,4616
28140,27282,1539,1825616.37,48805,1917,25945,1825,1707,12155,10081,1597,752,4236
28200,25937,1541,1849970.16,48805,1917,25945,1825,1707,11784,9498,1820,704,3672
28260,24483,1545,1889727.37,48805,1917,25945,1825,1707,11427,9008,1681,655,3257
28320,22986,1574,1936133.35,48805,1917,25945,1825,1707,10842,8246,1743,684,3045
28380,21255,1573,1989507.94,48805,1917,25945,1825,1707,9679,8183,1386,680,2900
28440,19826,1572,2045141.49,48805,1917,25945,1825,1707,8972,7512,1241,648,3025
28500,18576,1568,2106499.09,48805,1917,25945,1825,1707,8465,7009,1161,616,2893
28560,17627,1534,2171493.91,48805,1917,25945,1825,1707,7739,7046,957,568,2851
28620,16860,1481,2234738.55,48805,1917,25945,1825,1707,7443,6609,933,515,2841
28680,16233,1446,2302565.99,48805,1917,25945,1825,1707,7242,6292,795,484,2866
28740,15824,1389,2370544.56,48805,1917,25945,1825,1707,6905,6201,742,435,2930
28800,15607,1308,2435612.19,34899,7409,43488,2511,2318,6804,5986,749,396,2980
28860,15328,1226,2503579.23,34899,7409,43488,2511,2318,6461,6080,623,374,3016
28920,15196,1150,2566987.77,34899,7409,43488,2511,2318,6476,5825,555,335,3155
28980,15158,1096,2630291.07,34899,7409,43488,2511,2318,6236,5651,671,346,3350
29040,15146,1044,2693343.40,34899,7409,43488,2511,2318,5890,6057,616,323,3304
29100,15234,983,2749593.16,34899,7409,43488,2511,2318,5732,6092,522,321,3550
29160,15392,930,2806712.42,34899,7409,43488,2511,2318,5767,6066,553,318,3618
29220,15513,862,2858181.64,34899,7409,43488,2511,2318,5871,5986,533,299,3686
29280,15815,816,2902578.49,34899,7409,43488,2511,2318,5780,6055,547,313,3936
29340,16063,773,2942177.22,34899,7409,43488,2511,2318,5657,6180,655,310,4034
29400,16449,758,2976312.94,34899,7409,43488,2511,2318,5653,6366,548,296,4344
29460,16802,738,3005524.54,34899,7409,43488,2511,2318,5673,6375,651,288,4553
29520,17378,744,3027455.15,34899,7409,43488,2511,2318,6055,6540,522,286,4719
29580,17897,744,3048308.26,34899,7409,43488,2511,2318,6234,6611,583,278,4935
29640,18540,753,3056605.04,34899,7409,43488,2511,2318,6213,7196,567,305,5012
29700,19166,743,3060062.63,34899,7409,43488,2511,2318,6444,7402,608,266,5189
29760,19939,759,3063105.46,34899,7409,43488,2511,2318,6864,7626,553,277,5378
29820,20724,768,3053535.55,34899,7409,43488,2511,2318,7063,7985,577,296,5571
29880,21492,772,3045546.00,34899,7409,43488,2511,2318,7446,8160,683,313,5662
29940,22177,767,3033607.43,34899,7409,43488,2511,2318,8022,8280,616,287,5739
30000,22931,767,3013542.40,34899,7409,43488,2511,2318,7972,8709,804,325,5888
30060,23694,753,2989282.14,34899,7409,43488,2511,2318,7984,9382,638,310,6133
30120,24446,750,2955990.72,34899,7409,43488,2511,2318,8505,9458,724,305,6204
30180,25213,763,2912252.49,34899,7409,43488,2511,2318,8593,9722,706,312,6643
30240,26045,767,2860108.80,35209,5665,19106,1327,1868,8860,10138,697,326,6791
30300,26985,753,2799424.63,35209,5665,19106,1327,1868,9032,10474,762,339,7131
30360,27903,764,2730113.31,35209,5665,19106,1327,1868,8974,11109,922,382,7280
30420,28602,781,2657141.18,35209,5665,19106,1327,1868,9507,11076,986,405,7409
30480,29354,808,2580770.38,35209,5665,19106,1327,1868,9864,11504,1156,412,7226
30540,30010,842,2505564.29,35209,5665,19106,1327,1868,10314,11905,1081,438,7114
30600,30564,871,2429006.01,35209,5665,19106,1327,1868,10771,11776,1160,451,7277
30660,31137,917,2352500.90,35209,5665,19106,1327,1868,10774,12334,1310,473,7163
30720,31378,956,2273126.12,35209,5665,19106,1327,1868,11022,12241,1212,500,7359
30780,31692,1005,2190537.51,35209,5665,19106,1327,1868,11178,12356,1270,558,7335
30840,32062,1022,2109020.33,35209,5665,19106,1327,1868,11581,12408,1298,538,7259
30900,32306,1070,2031524.29,35209,5665,19106,1327,1868,12053,12496,1148,530,7149
30960,32699,1095,1963489.02,35209,5665,19106,1327,1868,12568,12658,1204,518,6846
31020,32875,1104,1899184.13,35209,5665,19106,1327,1868,12775,12622,1192,504,6886
31080,33036,1126,1837958.50,35209,5665,19106,1327,1868,13016,12835,1254,521,6536
31140,33006,1163,1783153.99,35209,5665,19106,1327,1868,13345,12639,1236,507,6442
31200,32835,1181,1729554.18,35209,5665,19106,1327,1868,13524,12533,1351,551,6057
31260,32418,1216,1683610.33,35209,5665,19106,1327,1868,12987,12642,1485,552,5968
31320,31958,1225,1643768.51,35209,5665,19106,1327,1868,13083,12482,1405,577,5636
31380,31293,1253,1614621.59,35209,5665,19106,1327,1868,13048,12181,1434,599,5284
31440,30541,1260,1595923.65,35209,5665,19106,1327,1868,13071,11709,1516,614,4891
31500,29600,1274,1590557.83,35209,5665,19106,1327,1868,13054,11328,1416,606,4470
31560,28562,1278,1597134.40,35209,5665,19106,1327,1868,12901,10842,1343,609,4145
31620,27520,1267,1615282.89,35209,5665,19106,1327,1868,12570,10281,1586,638,3712
31680,26143,1288,1645638.29,44467,8683,35686,2252,1731,12040,9806,1562,628,3395
31740,24663,1313,1685227.84,44467,8683,35686,2252,1731,11254,9370,1551,657,3144
31800,23250,1321,1727956.53,44467,8683,35686,2252,1731,10540,8665,1486,661,3219
31860,21943,1332,1769342.50,44467,8683,35686,2252,1731,9531,8272,1515,682,3275
31920,20513,1348,1815360.05,44467,8683,35686,2252,1731,8603,8032,1273,652,3301
31980,19344,1368,1860165.49,44467,8683,35686,2252,1731,7853,7655,1196,644,3364
32040,18308,1345,1900918.14,44467,8683,35686,2252,1731,6972,7480,1088,616,3497
32100,17495,1335,1943583.40,44467,8683,35686,2252,1731,6407,7235,931,608,3649
32160,16954,1311,1982704.85,44467,8683,35686,2252,1731,6276,6813,869,537,3770
32220,16495,1305,2022094.66,44467,8683,35686,2252,1731,5786,6783,939,513,3779
32280,16163,1272,2062525.94,44467,8683,35686,2252,1731,5823,6422,767,485,3938
32340,15965,1253,2103647.36,44467,8683,35686,2252,1731,5715,6336,791,471,3905
32400,15862,1231,2147005.77,44467,8683,35686,2252,1731,5761,6303,645,422,3962
32460,15984,1220,2191515.45,44467,8683,35686,2252,1731,5810,6300,813,423,3858
32520,16108,1175,2240006.51,44467,8683,35686,2252,1731,6220,6189,759,422,3693
32580,16044,1149,2294454.40,44467,8683,35686,2252,1731,6349,6059,692,391,3702
32640,16083,1117,2351837.36,44467,8683,35686,2252,1731,6144,6149,911,376,3620
32700,16026,1075,2407868.23,44467,8683,35686,2252,1731,6422,6007,823,355,3494
32760,16093,1038,2461624.76,44467,8683,35686,2252,1731,6349,6038,766,351,3627
32820,16210,1008,2513285.25,44467,8683,35686,2252,1731,5989,6253,883,378,3715
32880,16143,982,2561625.76,44467,8683,35686,2252,1731,6006,6043,863,385,3828
32940,16105,956,2605793.05,44467,8683,35686,2252,1731,5395,6338,951,373,4004
33000,16082,944,2644979.37,44467,8683,35686,2252,1731,5243,6356,807,397,4223
33060,16228,927,2680268.73,44467,8683,35686,2252,1731,5392,6312,790,366,4295
33120,16425,920,2712262.56,26928,6013,30633,1763,2131,5079,6564,855,383,4464
33180,16646,909,2736487.94,26928,6013,30633,1763,2131,4987,6612,808,394,4754
33240,16876,902,2755761.67,26928,6013,30633,1763,2131,4755,6864,801,389,4969
33300,17364,894,2764958.57,26928,6013,30633,1763,2131,4870,7101,780,364,5143
33360,17769,923,2768126.16,26928,6013,30633,1763,2131,4805,7238,894,391,5364
33420,18227,913,2771109.26,26928,6013,30633,1763,2131,5088,7230,858,399,5565
33480,18646,929,2773426.37,26928,6013,30633,1763,2131,5232,7675,766,401,5501
33540,19241,924,2771694.28,26928,6013,30633,1763,2131,5731,7610,861,382,5581
33600,19876,928,2766211.18,26928,6013,30633,1763,2131,5969,7875,937,402,5621
33660,20393,933,2759900.43,26928,6013,30633,1763,2131,6593,7740,920,422,5651
33720,20875,941,2755660.28,26928,6013,30633,1763,2131,7050,7888,940,443,5495
33780,21311,953,2745549.01,26928,6013,30633,1763,2131,7292,7918,882,449,5723
33840,21834,980,2731189.52,26928,6013,30633,1763,2131,7197,8392,921,441,5863
33900,22332,985,2706313.41,26928,6013,30633,1763,2131,7076,8736,981,445,6079
33960,22825,999,2674124.40,26928,6013,30633,1763,2131,7016,8775,1083,440,6510
34020,23490,1019,2629473.92,26928,6013,30633,1763,2131,6895,9449,1095,477,6593
34080,24229,1034,2568597.45,26928,6013,30633,1763,2131,7072,9428,1112,523,7128
34140,24956,1046,2498906.93,26928,6013,30633,1763,2131,6823,10105,1033,506,7535
34200,25859,1067,2417474.64,26928,6013,30633,1763,2131,7348,10291,1155,492,7640
34260,26751,1082,2339792.97,26928,6013,30633,1763,2131,7708,10749,1144,478,7754
34320,27603,1107,2254937.64,26928,6013,30633,1763,2131,8206,10906,1148,522,7928
34380,28433,1110,2164794.59,26928,6013,30633,1763,2131,8453,11503,1171,504,7912
34440,29194,1140,2074261.24,26928,6013,30633,1763,2131,9016,11615,1331,519,7853
34500,29888,1184,1978417.17,26928,6013,30633,1763,2131,9571,11718,1319,553,7911
34560,30453,1207,1906365.62,46770,3124,29618,1967,1680,10508,11770,1425,561,7396
34620,30781,1230,1846931.59,46770,3124,29618,1967,1680,11281,12030,1355,551,6794
34680,30879,1274,1797304.78,46770,3124,29618,1967,1680,12051,11614,1512,572,6404
34740,30685,1317,1759201.41,46770,3124,29618,1967,1680,11761,11917,1622,629,6073
34800,30029,1362,1741191.00,46770,3124,29618,1967,1680,12263,11229,1851,651,5397
34860,29121,1404,1729855.97,46770,3124,29618,1967,1680,11868,11114,1848,695,5000
34920,27981,1440,1725177.57,46770,3124,29618,1967,1680,11414,10772,1897,694,4644
34980,26712,1468,1733194.04,46770,3124,29618,1967,1680,11061,10169,1874,734,4342
35040,25238,1509,1748651.90,46770,3124,29618,1967,1680,10269,9741,1852,727,4158
35100,23714,1554,1772018.13,46770,3124,29618,1967,1680,9400,8991,1987,831,4059
35160,22232,1575,1798841.92,46770,3124,29618,1967,1680,8535,8663,1781,842,3986
35220,20782,1588,1826942.73,46770,3124,29618,1967,1680,7857,8246,1624,798,3845
35280,19681,1598,1857253.41,46770,3124,29618,1967,1680,7168,7803,1506,831,3971
35340,18408,1618,1892928.59,46770,3124,29618,1967,1680,6482,7551,1397,751,3845
35400,17369,1624,1932436.02,46770,3124,29618,1967,1680,6128,7070,1377,714,3704
35460,16428,1620,1971986.89,46770,3124,29618,1967,1680,5715,6431,1411,692,3799
35520,15795,1612,2015618.27,46770,3124,29618,1967,1680,5184,6747,1015,604,3857
35580,15442,1563,2064538.19,46770,3124,29618,1967,1680,5426,6251,948,567,3813
35640,15156,1528,2121545.84,46770,3124,29618,1967,1680,5626,6065,892,528,3573
35700,15033,1482,2184651.73,46770,3124,29618,1967,1680,6042,5904,664,492,3413
35760,14873,1441,2248580.97,46770,3124,29618,1967,1680,6101,5625,718,447,3423
35820,14814,1392,2309521.94,46770,3124,29618,1967,1680,5986,5615,668,396,3541
35880,14929,1344,2366825.14,46770,3124,29618,1967,1680,5844,5708,728,380,3613
35940,15079,1278,2427040.45,46770,3124,29618,1967,1680,6096,5644,544,342,3731
36000,15327,1211,2485332.82,30805,4519,41412,2442,2438,6155,5766,531,337,3749
36060,15603,1169,2540961.86,30805,4519,41412,2442,2438,6137,5892,603,326,3814
36120,15812,1112,2597340.67,30805,4519,41412,2442,2438,6285,5976,606,297,3760
36180,16048,1030,2648400.30,30805,4519,41412,2442,2438,6286,6150,535,286,3821
36240,16231,966,2703144.67,30805,4519,41412,2442,2438,6452,6029,620,277,3819
36300,16473,916,2755975.82,30805,4519,41412,2442,2438,6505,6125,665,269,3825
36360,16691,873,2804559.30,30805,4519,41412,2442,2438,6509,6264,671,287,3833
36420,16903,851,2849156.61,30805,4519,41412,2442,2438,6258,6528,697,308,3963
36480,17079,807,2889142.75,30805,4519,41412,2442,2438,6218,6608,665,299,4096
36540,17252,781,2928865.56,30805,4519,41412,2442,2438,6186,6607,650,317,4273
36600,17381,782,2963817.39,30805,4519,41412,2442,2438,6252,6558,652,345,4356
36660,17637,773,2998242.29,30805,4519,41412,2442,2438,6146,6878,686,312,4388
36720,18058,755,3025081.61,30805,4519,41412,2442,2438,6237,7097,622,305,4552
36780,18536,736,3044961.81,30805,4519,41412,2442,2438,6487,7081,764,305,4635
36840,19003,733,3061341.53,30805,4519,41412,2442,2438,6918,7169,565,282,4802
36900,19460,730,3080257.56,30805,4519,41412,2442,2438,6844,7541,567,285,4953
36960,20010,729,3090583.45,30805,4519,41412,2442,2438,7193,7528,623,308,5087
37020,20594,737,3093177.08,30805,4519,41412,2442,2438,7300,7998,563,275,5195
37080,21267,744,3090237.09,30805,4519,41412,2442,2438,7375,8342,553,283,5458
37140,22025,752,3076289.32,30805,4519,41412,2442,2438,7572,8490,619,305,5791
37200,22840,749,3056040.54,30805,4519,41412,2442,2438,8150,8623,607,273,5936
37260,23761,745,3029494.47,30805,4519,41412,2442,2438,8295,9179,615,264,6153
37320,24669,750,2990906.69,30805,4519,41412,2442,2438,8284,9786,610,272,6467
37380,25577,758,2945379.29,30805,4519,41412,2442,2438,8605,9938,743,310,6739
37440,26492,748,2889846.05,35417,4872,19380,1294,1757,8604,10586,808,308,6934
37500,27628,749,2814285.57,35417,4872,19380,1294,1757,9080,10782,804,319,7392
37560,28626,747,2735976.39,35417,4872,19380,1294,1757,9373,11272,833,337,7558
37620,29582,732,2656781.57,35417,4872,19380,1294,1757,9987,11457,881,329,7660
37680,30493,744,2573914.31,35417,4872,19380,1294,1757,10141,12006,996,383,7711
37740,31364,770,2480957.02,35417,4872,19380,1294,1757,10429,12530,1002,376,7797
37800,32023,809,2388723.98,35417,4872,19380,1294,1757,10827,12659,1273,427,7646
37860,32772,847,2295802.18,35417,4872,19380,1294,1757,11740,12910,1034,411,7524
37920,33314,890,2204920.54,35417,4872,19380,1294,1757,11620,13456,1183,438,7507
37980,33797,924,2115319.23,35417,4872,19380,1294,1757,12596,13045,1230,474,7376
38040,34114,974,2040490.84,35417,4872,19380,1294,1757,12907,13341,1353,490,6997
38100,34325,1019,1961687.61,35417,4872,19380,1294,1757,13710,13150,1400,529,6555
38160,34284,1048,1897454.29,35417,4872,19380,1294,1757,14153,12920,1412,548,6299
38220,34059,1077,1840085.24,35417,4872,19380,1294,1757,14412,12694,1456,553,6021
38280,33640,1139,1795744.70,35417,4872,19380,1294,1757,14253,12787,1575,603,5561
38340,32885,1203,1764110.74,35417,4872,19380,1294,1757,14787,11992,1672,619,5018
38400,31933,1279,1745866.19,35417,4872,19380,1294,1757,14122,12173,1589,672,4656
38460,30688,1349,1735669.23,35417,4872,19380,1294,1757,13733,11363,1868,699,4374
38520,29216,1393,1736182.75,35417,4872,19380,1294,1757,12441,11500,1912,726,4030
38580,27646,1423,1741270.29,35417,4872,19380,1294,1757,11832,10617,1884,721,4015
38640,26025,1467,1749616.58,35417,4872,19380,1294,1757,10724,10319,1761,726,3962
38700,24572,1480,1760399.68,35417,4872,19380,1294,1757,10089,9749,1497,708,4009
38760,23231,1485,1773848.52,35417,4872,19380,1294,1757,9274,9270,1483,722,3967
38820,22092,1506,1787857.54,35417,4872,19380,1294,1757,8679,8866,1288,686,4079
38880,21261,1478,1803338.54,42380,9250,38361,2514,1784,7702,8978,1235,661,4163
38940,20538,1461,1817646.18,42380,9250,38361,2514,1784,7698,8448,1076,584,4193
39000,20105,1447,1828243.91,42380,9250,38361,2514,1784,7167,8366,1033,584,4402
39060,19773,1429,1842621.51,42380,9250,38361,2514,1784,7013,8119,1054,545,4471
39120,19604,1396,1857555.86,42380,9250,38361,2514,1784,7113,7973,930,514,4470
39180,19465,1384,1870250.22,42380,9250,38361,2514,1784,6908,7879,1033,546,4483
39240,19251,1351,1890722.77,42380,9250,38361,2514,1784,6733,7862,1006,514,4487
39300,19058,1336,1911602.67,42380,9250,38361,2514,1784,6593,7884,1117,507,4293
39360,18792,1316,1933307.53,42380,9250,38361,2514,1784,6701,7491,1099,523,4294
39420,18398,1307,1964471.26,42380,9250,38361,2514,1784,6710,7333,1087,558,4017
39480,17896,1283,2000931.78,42380,9250,38361,2514,1784,6366,7117,1146,513,4037
39540,17424,1256,2045671.02,42380,9250,38361,2514,1784,6190,6880,1245,532,3833
39600,16931,1270,2092732.50,42380,9250,38361,2514,1784,6028,6735,1147,579,3712
39660,16389,1261,2141940.93,42380,9250,38361,2514,1784,5943,6436,1131,526,3614
39720,15857,1235,2199748.63,42380,9250,38361,2514,1784,5594,6345,1127,528,3498
39780,15446,1248,2254986.25,42380,9250,38361,2514,1784,5185,6373,1064,531,3541
39840,15089,1233,2312421.04,42380,9250,38361,2514,1784,5325,6112,922,515,3448
39900,14691,1218,2368629.96,42380,9250,38361,2514,1784,4922,5902,988,512,3585
39960,14261,1231,2432060.62,42380,9250,38361,2514,1784,4737,5769,1014,514,3458
40020,13841,1219,2495925.17,42380,9250,38361,2514,1784,4814,5342,1062,560,3282
40080,13400,1221,2561316.05,42380,9250,38361,2514,1784,4446,5172,1023,570,3410
40140,13116,1222,2623382.44,42380,9250,38361,2514,1784,4155,5204,920,557,3502
40200,12799,1212,2685663.62,42380,9250,38361,2514,1784,4071,4973,874,506,3587
40260,12627,1208,2749685.82,42380,9250,38361,2514,1784,3892,4998,819,475,3651
40320,12518,1194,2808919.99,27920,3740,32923,2012,2296,3745,4868,856,462,3781
40380,12491,1179,2864451.82,27920,3740,32923,2012,2296,3577,4959,796,448,3890
40440,12562,1178,2917656.27,27920,3740,32923,2012,2296,3521,5051,786,443,3939
40500,12711,1158,2968290.95,27920,3740,32923,2012,2296,3576,4927,805,427,4134
40560,12875,1142,3014261.07,27920,3740,32923,2012,2296,3505,5012,707,396,4397
40620,13250,1137,3053690.64,27920,3740,32923,2012,2296,3641,5158,687,376,4525
40680,13844,1109,3081470.16,27920,3740,32923,2012,2296,3554,5550,766,358,4725
40740,14603,1082,3094387.76,27920,3740,32923,2012,2296,3652,5846,788,381,5018
40800,15217,1051,3103607.74,27920,3740,32923,2012,2296,3659,5963,836,410,5400
40860,15922,1040,3106441.81,27920,3740,32923,2012,2296,3715,6457,780,390,5620
40920,16706,1019,3104562.77,27920,3740,32923,2012,2296,3897,6787,820,372,5849
40980,17525,1013,3096716.81,27920,3740,32923,2012,2296,4287,7022,879,395,5955
41040,18204,1007,3084911.68,27920,3740,32923,2012,2296,4351,7377,941,413,6129
41100,18901,1011,3063652.78,27920,3740,32923,2012,2296,4606,7536,1003,444,6323
41160,19658,1020,3029437.17,27920,3740,32923,2012,2296,4794,7750,1024,459,6651
41220,20485,1045,2986095.69,27920,3740,32923,2012,2296,5128,8142,939,457,6864
41280,21355,1064,2937907.61,27920,3740,32923,2012,2296,5450,8303,1058,488,7120
41340,22088,1094,2883729.59,27920,3740,32923,2012,2296,5918,8703,1164,496,6901
41400,22734,1126,2836862.00,27920,3740,32923,2012,2296,6592,8660,1167,526,6915
41460,23467,1132,2788927.03,27920,3740,32923,2012,2296,6895,9014,1227,528,6935
41520,23923,1172,2745157.28,27920,3740,32923,2012,2296,7489,8985,1345,550,6726
41580,24208,1234,2703855.39,27920,3740,32923,2012,2296,7469,9248,1463,594,6668
41640,24266,1288,2663203.30,27920,3740,32923,2012,2296,7512,9221,1724,637,6460
41700,24263,1343,2616687.62,27920,3740,32923,2012,2296,7581,9118,1562,643,6702
41760,24308,1403,2573751.50,43860,1183,30887,2225,2016,7697,9154,1658,680,6522
41820,24260,1449,2536172.36,43860,1183,30887,2225,2016,7955,9174,1562,667,6351
41880,23904,1492,2507766.43,43860,1183,30887,2225,2016,7788,9168,1674,675,6091
41940,23479,1552,2479463.58,43860,1183,30887,2225,2016,7285,8984,1893,703,6166
42000,22906,1610,2458823.56,43860,1183,30887,2225,2016,7374,8716,1926,750,5750
42060,22106,1625,2442391.13,43860,1183,30887,2225,2016,7207,8383,1678,727,5736
42120,21519,1672,2435375.28,43860,1183,30887,2225,2016,7302,8017,1601,725,5546
42180,20988,1680,2429506.52,43860,1183,30887,2225,2016,6706,8424,1448,732,5358
42240,20601,1694,2426638.49,43860,1183,30887,2225,2016,7100,7715,1375,734,5371
42300,20222,1717,2427026.97,43860,1183,30887,2225,2016,6700,7781,1443,742,5273
42360,19850,1716,2424887.26,43860,1183,30887,2225,2016,6547,7597,1414,699,5309
42420,19629,1721,2428039.39,43860,1183,30887,2225,2016,6602,7533,1362,659,5194
42480,19224,1704,2438216.85,43860,1183,30887,2225,2016,6348,7283,1434,660,5203
42540,18936,1711,2445388.83,43860,1183,30887,2225,2016,6323,7279,1293,671,5081
42600,18651,1707,2461419.70,43860,1183,30887,2225,2016,6441,7103,1306,613,4895
42660,18341,1671,2490667.35,43860,1183,30887,2225,2016,6927,6803,1219,542,4521
42720,17883,1666,2528377.90,43860,1183,30887,2225,2016,6867,6713,1171,550,4248
42780,17610,1652,2565008.46,43860,1183,30887,2225,2016,6591,6822,1077,541,4231
42840,17465,1608,2599532.79,43860,1183,30887,2225,2016,6599,6651,1189,524,4110
42900,17174,1571,2641505.84,43860,1183,30887,2225,2016,6347,6755,1082,501,4060
42960,16919,1539,2684212.25,43860,1183,30887,2225,2016,6502,6313,1179,501,3963
43020,16506,1513,2728324.44,43860,1183,30887,2225,2016,6184,6279,1128,483,3945
43080,16189,1451,2776318.93,43860,1183,30887,2225,2016,5946,6265,955,509,3965
43140,16056,1394,2821269.30,43860,1183,30887,2225,2016,5975,5985,974,520,3996
43200,15866,1343,2869074.02,36853,2822,42473,2782,2842,5661,6146,971,475,3956
43260,15606,1308,2916133.23,36853,2822,42473,2782,2842,5651,5784,1050,484,3945
43320,15529,1261,2966472.26,36853,2822,42473,2782,2842,5325,6144,1029,458,3834
43380,15391,1220,3018248.64,36853,2822,42473,2782,2842,5709,5658,1003,445,3796
43440,15211,1168,3074194.19,36853,2822,42473,2782,2842,5265,5815,985,432,3882
43500,15173,1153,3123946.87,36853,2822,42473,2782,2842,5633,5533,945,425,3790
43560,15152,1123,3177047.46,36853,2822,42473,2782,2842,5562,5599,802,420,3892
43620,15187,1088,3230075.47,36853,2822,42473,2782,2842,5616,5627,763,402,3867
43680,15279,1075,3276238.23,36853,2822,42473,2782,2842,5406,5757,724,371,4096
43740,15619,1051,3313296.66,36853,2822,42473,2782,2842,5381,5876,798,362,4253
43800,16010,1034,3340765.93,36853,2822,42473,2782,2842,5444,5961,754,353,4532
43860,16488,1017,3359809.86,36853,2822,42473,2782,2842,5238,6113,800,342,5012
43920,17010,987,3371366.41,36853,2822,42473,2782,2842,5265,6269,839,366,5258
43980,17654,972,3370550.57,36853,2822,42473,2782,2842,5332,6596,758,359,5581
44040,18373,960,3361023.71,36853,2822,42473,2782,2842,5239,7000,777,363,5954
44100,19232,951,3341580.22,36853,2822,42473,2782,2842,5270,7461,802,360,6290
44160,20088,923,3318084.84,36853,2822,42473,2782,2842,5869,7564,752,353,6473
44220,20955,902,3292562.56,36853,2822,42473,2782,2842,6137,7994,814,352,6560
44280,21943,899,3255072.74,36853,2822,42473,2782,2842,6605,8183,793,351,6910
44340,23077,882,3208982.81,36853,2822,42473,2782,2842,7036,8766,864,315,6978
44400,24172,876,3157973.53,36853,2822,42473,2782,2842,7391,9144,900,339,7274
44460,25386,869,3100611.46,36853,2822,42473,2782,2842,8043,9586,983,352,7291
44520,26411,869,3039351.82,36853,2822,42473,2782,2842,8674,9680,982,349,7595
44580,27333,874,2978767.88,36853,2822,42473,2782,2842,9375,9941,891,353,7647
44640,28302,890,2915749.15,41300,3242,25622,1642,2095,9733,10618,914,364,7563
44700,29180,896,2845532.80,41300,3242,25622,1642,2095,10030,10942,1083,372,7649
44760,30164,908,2768763.94,41300,3242,25622,1642,2095,10737,11223,1024,387,7701
44820,31012,893,2697648.95,41300,3242,25622,1642,2095,11521,11405,971,364,7644
44880,31832,927,2622475.37,41300,3242,25622,1642,2095,11870,11839,1199,404,7447
44940,32466,944,2548305.33,41300,3242,25622,1642,2095,12770,11853,1064,393,7330
45000,33070,951,2475680.96,41300,3242,25622,1642,2095,13167,12208,969,419,7258
45060,33628,960,2406473.40,41300,3242,25622,1642,2095,13787,12249,1104,445,7003
45120,33903,969,2345967.10,41300,3242,25622,1642,2095,14315,12134,1294,459,6670
45180,34008,993,2292727.93,41300,3242,25622,1642,2095,14421,12383,1221,468,6508
45240,34000,1001,2240292.35,41300,3242,25622,1642,2095,14298,12676,1194,469,6364
45300,33904,1009,2191861.30,41300,3242,25622,1642,2095,14913,12150,1190,487,6173
45360,33836,1034,2145456.52,41300,3242,25622,1642,2095,15084,12121,1252,468,5945
45420,33500,1058,2103680.03,41300,3242,25622,1642,2095,14931,11977,1377,476,5797
45480,32989,1092,2070039.13,41300,3242,25622,1642,2095,14445,12330,1532,507,5267
45540,32243,1109,2045338.29,41300,3242,25622,1642,2095,14411,11829,1467,495,5150
45600,31464,1147,2019020.15,41300,3242,25622,1642,2095,13891,11703,1474,530,5013
45660,30374,1161,1998534.88,41300,3242,25622,1642,2095,13227,11512,1368,551,4877
45720,29413,1184,1980128.68,41300,3242,25622,1642,2095,12758,10934,1507,558,4840
